Sales Person,Country,Product,Date,Amount,Box shipped
Jehu Rudeforth,UK,Mint Chip Choco,04-Jan-22,5320,180
Van Tuxwell,India,85% Dark Bars,01-Aug-22,7896,94
Gigi Bohling,India,Peanut Butter Cubes,07-Jul-22,7896,91
Jan Morforth,Australia,Peanut Butter Cubes,27-Apr-22,7896,342
Jehu Rudeforth,UK,Peanut Butter Cubes,24-Feb-22,7896,184
Van Tuxwell,India,Smooth Sliky Salty,06-Jun-22,7896,38
Oby Sorrel,UK,99% Dark & Pure,25-Jan-22,7896,176
Gunar Cockshoot,Australia,After Nines,24-Mar-22,7896,73
Jehu Rudeforth,New Zealand,50% Dark Bites,20-Apr-22,7896,59
Brien Boise,Australia,99% Dark & Pure,04-Jul-22,7896,102
Rafaelita Blaksland,UK,Smooth Sliky Salty,13-Jan-22,7896,62
Barr Faughny,USA,Orange Choco,10-Mar-22,7896,11
Mallorie Waber,Canada,Eclairs,13-Jan-22,7896,286
Karlen McCaffrey,New Zealand,Drinking Coco,28-Jul-22,7896,156
Marney O'Breen,New Zealand,Peanut Butter Cubes,03-Aug-22,7896,173
Beverie Moffet,Australia,Organic Choco Syrup,26-Jan-22,7896,356
Van Tuxwell,Canada,Organic Choco Syrup,14-Feb-22,7896,42
Roddy Speechley,USA,Smooth Sliky Salty,05-Apr-22,7896,140
Beverie Moffet,Canada,Milk Bars,16-Feb-22,7896,250
Curtice Advani,UK,85% Dark Bars,08-Jun-22,7896,172
Brien Boise,Australia,Eclairs,27-Jun-22,7896,88
Gunar Cockshoot,USA,Spicy Special Slims,17-Feb-22,7896,157
Marney O'Breen,USA,After Nines,30-May-22,7896,163
Husein Augar,UK,Drinking Coco,14-Mar-22,7896,113
Kaine Padly,Australia,Eclairs,28-Feb-22,7896,115
Karlen McCaffrey,India,Fruit & Nut Bars,26-Jan-22,7896,321
Roddy Speechley,Canada,Spicy Special Slims,09-Feb-22,7896,186
Husein Augar,USA,Eclairs,07-Jul-22,7896,112
Dennison Crosswaite,New Zealand,White Choc,05-Jul-22,7896,151
Dennison Crosswaite,New Zealand,Manuka Honey Choco,15-Jun-22,7896,301
Van Tuxwell,New Zealand,85% Dark Bars,24-May-22,7896,121
Rafaelita Blaksland,UK,99% Dark & Pure,29-Jun-22,7896,150
Wilone O'Kielt,Australia,Manuka Honey Choco,11-May-22,7896,94
Karlen McCaffrey,UK,Almond Choco,30-Jun-22,7896,133
Andria Kimpton,Canada,After Nines,11-May-22,7896,70
Roddy Speechley,USA,Manuka Honey Choco,22-Jul-22,7896,315
Andria Kimpton,UK,50% Dark Bites,24-Aug-22,7896,314
Kelci Walkden,New Zealand,After Nines,07-Jul-22,7896,72
Camilla Castle,Australia,85% Dark Bars,19-May-22,7896,14
Karlen McCaffrey,India,Manuka Honey Choco,04-Jul-22,7896,581
Kelci Walkden,USA,After Nines,02-Jun-22,7896,16
Karlen McCaffrey,USA,Raspberry Choco,15-Apr-22,7896,354
Mallorie Waber,Canada,Choco Coated Almonds,11-Jul-22,7896,241
Andria Kimpton,India,Spicy Special Slims,23-Feb-22,7896,142
Madelene Upcott,Canada,Almond Choco,22-Aug-22,7896,102
Kaine Padly,USA,Peanut Butter Cubes,16-Feb-22,7896,188
Van Tuxwell,USA,50% Dark Bites,13-Jan-22,7896,160
Curtice Advani,Australia,Milk Bars,14-Feb-22,7896,18
Roddy Speechley,India,Eclairs,10-Jun-22,7896,303
Curtice Advani,India,Fruit & Nut Bars,07-Jul-22,7896,176
Curtice Advani,Canada,Almond Choco,24-Mar-22,7896,70
Brien Boise,Australia,Fruit & Nut Bars,06-Jun-22,7896,23
Dotty Strutley,Australia,Drinking Coco,19-Jul-22,7896,135
Beverie Moffet,USA,Raspberry Choco,19-Apr-22,7896,83
Marney O'Breen,India,85% Dark Bars,19-Jul-22,7896,179
Jehu Rudeforth,Canada,Drinking Coco,15-Jul-22,7896,24
Ches Bonnell,New Zealand,Spicy Special Slims,14-Feb-22,7896,18
Brien Boise,Canada,99% Dark & Pure,18-May-22,7896,416
Barr Faughny,Australia,Fruit & Nut Bars,30-Jun-22,7896,55
Andria Kimpton,Australia,50% Dark Bites,02-Jun-22,7896,227
Andria Kimpton,Australia,Drinking Coco,28-Jun-22,7896,48
Marney O'Breen,Australia,Organic Choco Syrup,16-May-22,7896,174
Kelci Walkden,Canada,Baker's Choco Chips,26-May-22,7896,302
Karlen McCaffrey,India,Almond Choco,06-Jul-22,7896,149
Oby Sorrel,India,99% Dark & Pure,27-May-22,7896,11
Wilone O'Kielt,Australia,Caramel Stuffed Bars,14-Apr-22,7896,11
Van Tuxwell,Australia,Organic Choco Syrup,10-Aug-22,7896,14
Camilla Castle,India,50% Dark Bites,04-Jul-22,7896,411
Oby Sorrel,India,Organic Choco Syrup,08-Jul-22,7896,56
Jan Morforth,USA,Peanut Butter Cubes,22-Jul-22,7896,102
Gigi Bohling,USA,Choco Coated Almonds,02-Mar-22,7896,103
Gigi Bohling,UK,Almond Choco,10-Jan-22,7896,9
Jehu Rudeforth,New Zealand,White Choc,11-Mar-22,7896,241
Andria Kimpton,New Zealand,Peanut Butter Cubes,20-Jun-22,7896,265
Van Tuxwell,UK,Organic Choco Syrup,26-Aug-22,7896,214
Roddy Speechley,Canada,Milk Bars,13-Jul-22,7896,32
Camilla Castle,USA,Spicy Special Slims,11-Feb-22,7896,244
Marney O'Breen,USA,Orange Choco,27-Jan-22,7896,181
Van Tuxwell,UK,99% Dark & Pure,31-Jan-22,7896,137
Camilla Castle,USA,White Choc,18-Aug-22,7896,24
Andria Kimpton,USA,Raspberry Choco,30-Jun-22,7896,21
Dotty Strutley,Australia,Fruit & Nut Bars,23-Aug-22,7896,311
Brien Boise,New Zealand,Mint Chip Choco,01-Aug-22,7896,181
Roddy Speechley,New Zealand,After Nines,25-May-22,7896,10
Roddy Speechley,Canada,Organic Choco Syrup,10-Jan-22,7896,82
Dennison Crosswaite,Australia,70% Dark Bites,07-Feb-22,7896,108
Karlen McCaffrey,USA,Orange Choco,12-May-22,7896,401
Madelene Upcott,Australia,Spicy Special Slims,07-Mar-22,7896,408
Dennison Crosswaite,Australia,85% Dark Bars,05-Apr-22,7896,420
Andria Kimpton,Canada,Caramel Stuffed Bars,03-Jan-22,7896,348
Dennison Crosswaite,UK,Eclairs,24-Mar-22,7896,270
Madelene Upcott,India,Raspberry Choco,07-Jul-22,7896,9
Van Tuxwell,USA,After Nines,26-Jul-22,7896,264
Wilone O'Kielt,Australia,Organic Choco Syrup,07-Jul-22,7896,111
Karlen McCaffrey,Canada,50% Dark Bites,15-Jul-22,7896,65
Roddy Speechley,New Zealand,Orange Choco,01-Apr-22,7896,97
Beverie Moffet,Australia,Eclairs,20-Jun-22,7896,6
Kelci Walkden,UK,Fruit & Nut Bars,29-Jun-22,7896,482
Marney O'Breen,USA,50% Dark Bites,15-Jun-22,7896,106
Husein Augar,USA,After Nines,08-Apr-22,7896,180
Dennison Crosswaite,Australia,Raspberry Choco,14-Mar-22,7896,31
Andria Kimpton,USA,Fruit & Nut Bars,15-Jul-22,7896,359
Kelci Walkden,India,Eclairs,19-Apr-22,7896,80
Marney O'Breen,USA,99% Dark & Pure,28-Mar-22,7896,296
Brien Boise,Canada,Spicy Special Slims,04-Mar-22,7896,101
Karlen McCaffrey,New Zealand,70% Dark Bites,02-Aug-22,7896,40
Husein Augar,UK,Spicy Special Slims,25-Aug-22,7896,42
Marney O'Breen,USA,Almond Choco,25-Feb-22,7896,167
Kelci Walkden,India,Orange Choco,07-Jun-22,7896,138
Jan Morforth,India,Spicy Special Slims,12-Apr-22,7896,520
Ches Bonnell,India,Spicy Special Slims,06-Jul-22,7896,94
Kelci Walkden,UK,Smooth Sliky Salty,19-Jan-22,7896,175
Madelene Upcott,Australia,Fruit & Nut Bars,05-Jan-22,7896,92
Madelene Upcott,Canada,70% Dark Bites,24-Jan-22,7896,141
Wilone O'Kielt,Australia,Drinking Coco,06-Apr-22,7896,283
Gunar Cockshoot,Australia,Fruit & Nut Bars,15-Jun-22,7896,21
Gigi Bohling,Canada,Baker's Choco Chips,28-Jan-22,7896,47
Kelci Walkden,India,Caramel Stuffed Bars,16-Mar-22,7896,125
Rafaelita Blaksland,Australia,Drinking Coco,21-Feb-22,7896,396
Kelci Walkden,USA,Manuka Honey Choco,16-Feb-22,7896,87
Jehu Rudeforth,Canada,Spicy Special Slims,13-Jan-22,7896,27
Kelci Walkden,Australia,Eclairs,23-Mar-22,7896,547
Curtice Advani,Canada,Spicy Special Slims,16-Jun-22,7896,118
Oby Sorrel,India,Raspberry Choco,14-Apr-22,7896,46
Kelci Walkden,UK,Eclairs,25-Jan-22,7896,57
Jan Morforth,India,Almond Choco,11-Mar-22,7896,22
Dotty Strutley,UK,Almond Choco,28-Jul-22,7896,96
Marney O'Breen,New Zealand,After Nines,09-Mar-22,7896,44
Husein Augar,Australia,Orange Choco,28-Jun-22,7896,188
Marney O'Breen,Australia,Milk Bars,28-Jul-22,7896,387
Kelci Walkden,Canada,99% Dark & Pure,15-Aug-22,7896,50
Kaine Padly,Australia,Manuka Honey Choco,12-Jan-22,7896,264
Beverie Moffet,New Zealand,White Choc,24-Mar-22,7896,7
Van Tuxwell,UK,Milk Bars,25-Jul-22,7896,90
Oby Sorrel,Canada,99% Dark & Pure,01-Aug-22,7896,403
Van Tuxwell,India,Organic Choco Syrup,16-May-22,7896,174
Roddy Speechley,India,Smooth Sliky Salty,10-Aug-22,7896,140
Jan Morforth,India,Eclairs,05-Jan-22,7896,27
Ches Bonnell,UK,Smooth Sliky Salty,11-Jul-22,7896,110
Wilone O'Kielt,USA,After Nines,25-Apr-22,7896,30
Gigi Bohling,New Zealand,Fruit & Nut Bars,04-Apr-22,7896,121
Barr Faughny,USA,Raspberry Choco,12-Apr-22,7896,101
Wilone O'Kielt,New Zealand,85% Dark Bars,02-Aug-22,7896,117
Gigi Bohling,New Zealand,Manuka Honey Choco,28-Jun-22,7896,272
Ches Bonnell,Australia,Eclairs,05-Jul-22,7896,128
Rafaelita Blaksland,New Zealand,Choco Coated Almonds,07-Jun-22,7896,45
Brien Boise,New Zealand,Smooth Sliky Salty,18-Jan-22,7896,27
Brien Boise,Australia,Baker's Choco Chips,04-Jan-22,7896,212
Dennison Crosswaite,Australia,99% Dark & Pure,31-Jan-22,7896,18
Kelci Walkden,India,Almond Choco,14-Mar-22,7896,149
Camilla Castle,Australia,70% Dark Bites,29-Apr-22,7896,477
Oby Sorrel,India,Smooth Sliky Salty,07-Feb-22,7896,108
Kaine Padly,UK,Organic Choco Syrup,31-Mar-22,7896,178
Marney O'Breen,India,Caramel Stuffed Bars,16-Mar-22,7896,81
Karlen McCaffrey,UK,Eclairs,25-Jan-22,7896,196
Van Tuxwell,India,Baker's Choco Chips,20-Jun-22,7896,447
Gigi Bohling,UK,After Nines,29-Mar-22,7896,175
Curtice Advani,Australia,Orange Choco,12-Jul-22,7896,136
Jehu Rudeforth,Canada,Smooth Sliky Salty,11-Jul-22,7896,138
Karlen McCaffrey,Canada,Smooth Sliky Salty,19-Jan-22,7896,184
Andria Kimpton,USA,85% Dark Bars,05-Apr-22,7896,82
Jehu Rudeforth,Canada,Milk Bars,21-Feb-22,7896,12
Rafaelita Blaksland,New Zealand,Caramel Stuffed Bars,20-May-22,7896,14
Mallorie Waber,Australia,Milk Bars,29-Jul-22,7896,104
Barr Faughny,USA,Fruit & Nut Bars,28-Jan-22,7896,46
Marney O'Breen,UK,Caramel Stuffed Bars,19-Jul-22,7896,112
Mallorie Waber,New Zealand,Manuka Honey Choco,13-Apr-22,7896,11
Roddy Speechley,India,Peanut Butter Cubes,11-Feb-22,7896,21
Roddy Speechley,New Zealand,Milk Bars,02-Mar-22,7896,116
Ches Bonnell,Australia,White Choc,02-Mar-22,7896,202
Van Tuxwell,USA,99% Dark & Pure,28-Jul-22,7896,6
Kelci Walkden,India,After Nines,07-Jan-22,7896,520
Brien Boise,UK,White Choc,12-Apr-22,7896,167
Van Tuxwell,Canada,Almond Choco,27-Jun-22,7896,72
Jehu Rudeforth,Australia,50% Dark Bites,14-Jan-22,7896,418
Karlen McCaffrey,UK,Baker's Choco Chips,07-Feb-22,7896,389
Jehu Rudeforth,Australia,Orange Choco,23-Mar-22,7896,26
Marney O'Breen,India,Peanut Butter Cubes,10-Jan-22,7896,146
Oby Sorrel,UK,Choco Coated Almonds,17-Mar-22,7896,41
Gigi Bohling,USA,Spicy Special Slims,21-Jan-22,7896,54
Barr Faughny,Australia,White Choc,04-Jul-22,7896,370
Kaine Padly,Canada,Peanut Butter Cubes,04-Jul-22,7896,176
Dotty Strutley,USA,Manuka Honey Choco,10-Aug-22,7896,210
Dennison Crosswaite,Australia,50% Dark Bites,01-Apr-22,7896,12
Gigi Bohling,India,Raspberry Choco,22-Feb-22,7896,159
Camilla Castle,UK,White Choc,03-Jan-22,7896,187
Karlen McCaffrey,India,Drinking Coco,31-May-22,7896,233
Dotty Strutley,UK,99% Dark & Pure,03-Jan-22,7896,282
Husein Augar,New Zealand,Caramel Stuffed Bars,27-Jan-22,7896,475
Barr Faughny,UK,50% Dark Bites,28-Jan-22,7896,65
Curtice Advani,Australia,Organic Choco Syrup,28-Jun-22,7896,311
Husein Augar,UK,Choco Coated Almonds,02-Mar-22,7896,43
Wilone O'Kielt,Australia,After Nines,27-May-22,7896,26
Dennison Crosswaite,USA,Almond Choco,30-Jun-22,7896,84
Barr Faughny,Canada,Peanut Butter Cubes,07-Jun-22,7896,78
Kaine Padly,USA,70% Dark Bites,12-May-22,7896,100
Barr Faughny,New Zealand,Raspberry Choco,29-Jul-22,7896,66
Dennison Crosswaite,UK,White Choc,03-Aug-22,7896,265
Barr Faughny,India,Baker's Choco Chips,18-Aug-22,7896,141
Van Tuxwell,New Zealand,Smooth Sliky Salty,14-Jun-22,7896,42
Beverie Moffet,UK,White Choc,30-Jun-22,7896,76
Camilla Castle,New Zealand,Mint Chip Choco,13-Jun-22,7896,190
Ches Bonnell,UK,Orange Choco,27-Apr-22,7896,54
Jan Morforth,Australia,White Choc,27-Jul-22,7896,32
Mallorie Waber,Canada,85% Dark Bars,20-Apr-22,7896,424
Rafaelita Blaksland,India,Spicy Special Slims,04-Jan-22,7896,134
Ches Bonnell,Australia,Mint Chip Choco,21-Feb-22,7896,92
Karlen McCaffrey,Australia,White Choc,05-Jan-22,7896,48
Beverie Moffet,India,Drinking Coco,15-Jul-22,7896,46
Brien Boise,Australia,Choco Coated Almonds,25-May-22,7896,62
Karlen McCaffrey,Canada,Eclairs,20-Apr-22,7896,358
Gigi Bohling,USA,99% Dark & Pure,02-Jun-22,7896,249
Marney O'Breen,UK,Smooth Sliky Salty,13-May-22,7896,88
Beverie Moffet,New Zealand,Baker's Choco Chips,03-Aug-22,7896,144
Beverie Moffet,Australia,Milk Bars,25-May-22,7896,390
Van Tuxwell,UK,Raspberry Choco,16-Mar-22,7896,79
Jan Morforth,Australia,Orange Choco,04-Jul-22,7896,122
Jehu Rudeforth,India,50% Dark Bites,05-Jul-22,7896,135
Madelene Upcott,USA,After Nines,15-Mar-22,7896,430
Barr Faughny,UK,Raspberry Choco,22-Aug-22,7896,69
Ches Bonnell,Australia,70% Dark Bites,12-Jan-22,7896,125
Marney O'Breen,UK,Baker's Choco Chips,10-Jun-22,7896,154
Kaine Padly,Australia,Peanut Butter Cubes,25-Mar-22,7896,286
Rafaelita Blaksland,India,Almond Choco,27-Jul-22,7896,99
Husein Augar,UK,Caramel Stuffed Bars,15-Apr-22,7896,433
Roddy Speechley,India,Orange Choco,27-Jun-22,7896,19
Jehu Rudeforth,UK,70% Dark Bites,14-Apr-22,7896,258
Husein Augar,Australia,Manuka Honey Choco,15-Mar-22,7896,92
Madelene Upcott,USA,Eclairs,18-Mar-22,7896,200
Brien Boise,India,Eclairs,29-Apr-22,7896,61
Mallorie Waber,New Zealand,White Choc,25-Feb-22,7896,246
Husein Augar,USA,Milk Bars,02-Mar-22,7896,56
Van Tuxwell,Australia,Milk Bars,20-Jun-22,7896,87
Beverie Moffet,Canada,White Choc,15-Jul-22,7896,173
Dotty Strutley,Australia,50% Dark Bites,12-May-22,7896,252
Mallorie Waber,New Zealand,Organic Choco Syrup,01-Jul-22,7896,256
Husein Augar,USA,85% Dark Bars,08-Aug-22,7896,54
Madelene Upcott,Australia,50% Dark Bites,25-Jul-22,7896,6
Wilone O'Kielt,UK,Drinking Coco,18-May-22,7896,55
Camilla Castle,India,Peanut Butter Cubes,15-Jul-22,7896,277
Curtice Advani,India,70% Dark Bites,05-Jul-22,7896,44
Mallorie Waber,USA,Manuka Honey Choco,04-Jul-22,7896,96
Dotty Strutley,UK,70% Dark Bites,20-Jun-22,7896,216
Gunar Cockshoot,Australia,Almond Choco,25-Jan-22,7896,424
Kaine Padly,New Zealand,Spicy Special Slims,01-Jul-22,7896,37
Gigi Bohling,USA,50% Dark Bites,13-Apr-22,7896,59
Beverie Moffet,UK,Smooth Sliky Salty,04-May-22,7896,76
Beverie Moffet,Australia,Baker's Choco Chips,04-Aug-22,7896,109
Beverie Moffet,India,70% Dark Bites,01-Jun-22,7896,146
Jehu Rudeforth,UK,Choco Coated Almonds,22-Apr-22,7896,185
Kaine Padly,USA,50% Dark Bites,03-Aug-22,7896,27
Ches Bonnell,USA,Orange Choco,10-Jun-22,7896,69
Gunar Cockshoot,UK,Manuka Honey Choco,27-Jun-22,7896,46
Marney O'Breen,Australia,Smooth Sliky Salty,03-Jan-22,7896,170
Marney O'Breen,India,After Nines,11-Jul-22,7896,179
Ches Bonnell,New Zealand,Milk Bars,17-Aug-22,7896,126
Rafaelita Blaksland,USA,Fruit & Nut Bars,18-Jan-22,7896,65
Ches Bonnell,India,Organic Choco Syrup,08-Mar-22,7896,99
Mallorie Waber,Australia,Orange Choco,07-Mar-22,7896,275
Husein Augar,India,70% Dark Bites,09-May-22,7896,157
Barr Faughny,New Zealand,85% Dark Bars,23-May-22,7896,157
Madelene Upcott,UK,Caramel Stuffed Bars,15-Apr-22,7896,145
Gigi Bohling,Australia,Drinking Coco,27-Jul-22,7896,139
Marney O'Breen,Canada,Choco Coated Almonds,22-Aug-22,7896,406
Ches Bonnell,USA,70% Dark Bites,11-May-22,7896,122
Madelene Upcott,India,Organic Choco Syrup,26-Jan-22,7896,38
Barr Faughny,USA,50% Dark Bites,14-Apr-22,7896,117
Dennison Crosswaite,New Zealand,Mint Chip Choco,05-Apr-22,7896,417
Marney O'Breen,New Zealand,Smooth Sliky Salty,14-Jun-22,7896,57
Brien Boise,Canada,Almond Choco,13-Apr-22,7896,125
Beverie Moffet,Australia,White Choc,27-Jun-22,7896,166
Dotty Strutley,Australia,Eclairs,26-Jan-22,7896,3
Barr Faughny,UK,White Choc,05-Jul-22,7896,72
Beverie Moffet,Canada,Baker's Choco Chips,11-Jan-22,7896,95
Kelci Walkden,USA,White Choc,07-Mar-22,7896,22
Kaine Padly,Canada,50% Dark Bites,04-Mar-22,7896,100
Karlen McCaffrey,Canada,Organic Choco Syrup,15-Jul-22,7896,312
Kaine Padly,UK,Peanut Butter Cubes,11-May-22,7896,86
Karlen McCaffrey,USA,Milk Bars,27-Jan-22,7896,7
Karlen McCaffrey,India,Orange Choco,27-Jun-22,7896,149
Ches Bonnell,India,Smooth Sliky Salty,03-Aug-22,7896,18
Wilone O'Kielt,New Zealand,Mint Chip Choco,19-Aug-22,7896,242
Wilone O'Kielt,Australia,Fruit & Nut Bars,15-Jun-22,7896,102
Dennison Crosswaite,UK,Peanut Butter Cubes,07-Feb-22,7896,158
Karlen McCaffrey,Australia,Almond Choco,08-Jul-22,7896,128
Dennison Crosswaite,India,Milk Bars,21-Apr-22,7896,96
Ches Bonnell,UK,Mint Chip Choco,08-Apr-22,7896,209
Husein Augar,Australia,50% Dark Bites,19-Aug-22,7896,52
Jan Morforth,India,Fruit & Nut Bars,04-May-22,7896,55
Mallorie Waber,USA,85% Dark Bars,11-May-22,7896,108
Mallorie Waber,USA,Eclairs,22-Mar-22,7896,51
Dennison Crosswaite,Canada,Spicy Special Slims,10-Aug-22,7896,216
Dennison Crosswaite,USA,Fruit & Nut Bars,04-May-22,7896,318
Kelci Walkden,USA,99% Dark & Pure,18-Aug-22,7896,238
Dotty Strutley,Canada,Raspberry Choco,03-Aug-22,7896,238
Marney O'Breen,New Zealand,Milk Bars,14-Jan-22,7896,315
Madelene Upcott,Australia,Choco Coated Almonds,08-Apr-22,7896,72
Kelci Walkden,UK,Orange Choco,01-Aug-22,7896,3
Dennison Crosswaite,Canada,Eclairs,15-Mar-22,7896,45
Karlen McCaffrey,India,Mint Chip Choco,15-Jul-22,7896,184
Barr Faughny,New Zealand,Almond Choco,13-Jan-22,7896,127
Mallorie Waber,Australia,85% Dark Bars,26-Aug-22,7896,53
Ches Bonnell,Canada,Eclairs,10-Jan-22,7896,172
Gigi Bohling,Australia,White Choc,11-May-22,7896,87
Beverie Moffet,New Zealand,85% Dark Bars,30-Aug-22,7896,22
Kaine Padly,USA,Caramel Stuffed Bars,21-Jul-22,7896,122
Mallorie Waber,Australia,Almond Choco,01-Aug-22,7896,125
Brien Boise,Canada,85% Dark Bars,17-Feb-22,7896,259
Brien Boise,Australia,Drinking Coco,27-Jul-22,7896,156
Dotty Strutley,USA,Orange Choco,23-Feb-22,7896,107
Rafaelita Blaksland,Australia,50% Dark Bites,22-Mar-22,7896,40
Dennison Crosswaite,India,99% Dark & Pure,23-Jun-22,7896,311
Curtice Advani,UK,White Choc,01-Feb-22,7896,73
Kelci Walkden,Australia,After Nines,02-Mar-22,7896,288
Gigi Bohling,UK,Fruit & Nut Bars,06-Apr-22,7896,86
Gunar Cockshoot,Australia,Raspberry Choco,17-Mar-22,7896,72
Curtice Advani,UK,Fruit & Nut Bars,24-Jun-22,7896,136
Barr Faughny,Canada,50% Dark Bites,19-Jul-22,7896,303
Curtice Advani,USA,Spicy Special Slims,11-Jul-22,7896,264
Brien Boise,India,Almond Choco,13-Jan-22,7896,218
Oby Sorrel,New Zealand,Smooth Sliky Salty,07-Jul-22,7896,60
Jan Morforth,India,85% Dark Bars,25-May-22,7896,418
Marney O'Breen,India,Fruit & Nut Bars,13-Apr-22,7896,151
Andria Kimpton,New Zealand,50% Dark Bites,02-Mar-22,7896,202
Gunar Cockshoot,Canada,Raspberry Choco,23-Jun-22,7896,126
Kelci Walkden,USA,Drinking Coco,26-Jul-22,7896,160
Van Tuxwell,Canada,White Choc,22-Mar-22,7896,3
Rafaelita Blaksland,USA,Baker's Choco Chips,09-Jun-22,7896,58
Van Tuxwell,Australia,Caramel Stuffed Bars,17-May-22,7896,59
Ches Bonnell,New Zealand,Peanut Butter Cubes,04-Mar-22,7896,273
Kelci Walkden,Canada,Milk Bars,07-Jul-22,7896,28
Dennison Crosswaite,Canada,Choco Coated Almonds,13-Jan-22,7896,118
Curtice Advani,Australia,Almond Choco,13-Jul-22,7896,75
Madelene Upcott,Australia,85% Dark Bars,16-Jun-22,7896,329
Gigi Bohling,UK,50% Dark Bites,18-Jul-22,7896,69
Ches Bonnell,UK,Manuka Honey Choco,30-May-22,7896,395
Gigi Bohling,UK,70% Dark Bites,21-Jun-22,7896,81
Jehu Rudeforth,Australia,Peanut Butter Cubes,24-Jun-22,7896,38
Marney O'Breen,India,Eclairs,13-Jan-22,7896,96
Curtice Advani,Canada,Fruit & Nut Bars,04-Apr-22,7896,195
Kaine Padly,UK,Smooth Sliky Salty,08-Jun-22,7896,554
Karlen McCaffrey,Canada,Spicy Special Slims,02-Aug-22,7896,47
Kelci Walkden,USA,Organic Choco Syrup,21-Jul-22,7896,152
Curtice Advani,India,Spicy Special Slims,20-Jun-22,7896,134
Roddy Speechley,India,After Nines,22-Jun-22,7896,112
Camilla Castle,Australia,Caramel Stuffed Bars,02-May-22,7896,16
Curtice Advani,Australia,99% Dark & Pure,07-Jan-22,7896,84
Mallorie Waber,UK,50% Dark Bites,21-Feb-22,7896,99
Ches Bonnell,Canada,Baker's Choco Chips,21-Mar-22,7896,371
Van Tuxwell,UK,Drinking Coco,04-Apr-22,7896,136
Gunar Cockshoot,Canada,Fruit & Nut Bars,24-Mar-22,7896,203
Gunar Cockshoot,New Zealand,Spicy Special Slims,28-Jun-22,7896,183
Gunar Cockshoot,Australia,Drinking Coco,14-Jan-22,7896,195
Karlen McCaffrey,New Zealand,Fruit & Nut Bars,07-Feb-22,7896,135
Dennison Crosswaite,New Zealand,Drinking Coco,11-Jan-22,7896,197
Jehu Rudeforth,India,99% Dark & Pure,25-Feb-22,7896,242
Dotty Strutley,Australia,Mint Chip Choco,01-Aug-22,7896,25
Roddy Speechley,Australia,Mint Chip Choco,05-May-22,7896,252
Madelene Upcott,New Zealand,Raspberry Choco,18-May-22,7896,415
Dotty Strutley,New Zealand,Choco Coated Almonds,04-Jan-22,7896,348
Roddy Speechley,New Zealand,50% Dark Bites,09-May-22,7896,211
Rafaelita Blaksland,India,Smooth Sliky Salty,06-May-22,7896,81
Husein Augar,UK,White Choc,13-Jan-22,7896,145
Roddy Speechley,Australia,Almond Choco,24-Jun-22,7896,74
Van Tuxwell,USA,Caramel Stuffed Bars,14-Feb-22,7896,21
Camilla Castle,Australia,99% Dark & Pure,18-Jan-22,7896,101
Kaine Padly,India,Milk Bars,02-May-22,7896,91
Ches Bonnell,Australia,Smooth Sliky Salty,16-May-22,7896,54
Mallorie Waber,USA,Almond Choco,28-Jan-22,7896,368
Kaine Padly,Canada,99% Dark & Pure,24-Jun-22,7896,409
Oby Sorrel,UK,After Nines,18-Jul-22,7896,104
Gunar Cockshoot,UK,Eclairs,13-Apr-22,7896,164
Dotty Strutley,USA,Caramel Stuffed Bars,15-Apr-22,7896,76
Jan Morforth,India,Peanut Butter Cubes,04-Jan-22,7896,178
Husein Augar,Australia,Eclairs,04-Jul-22,7896,31
Beverie Moffet,USA,Smooth Sliky Salty,24-Mar-22,7896,352
Camilla Castle,Australia,Manuka Honey Choco,17-Mar-22,7896,169
Oby Sorrel,Australia,Almond Choco,15-Feb-22,7896,223
Jan Morforth,USA,Orange Choco,29-Jun-22,7896,146
Gigi Bohling,USA,Fruit & Nut Bars,24-May-22,7896,112
Mallorie Waber,UK,Milk Bars,10-Jan-22,7896,284
Curtice Advani,USA,Raspberry Choco,15-Mar-22,7896,139
Marney O'Breen,Canada,Milk Bars,08-Feb-22,7896,309
Brien Boise,India,Caramel Stuffed Bars,25-Feb-22,7896,100
Gunar Cockshoot,USA,Eclairs,03-May-22,7896,42
Roddy Speechley,USA,Fruit & Nut Bars,14-Jun-22,7896,24
Gunar Cockshoot,India,50% Dark Bites,09-Aug-22,7896,83
Wilone O'Kielt,New Zealand,Manuka Honey Choco,11-Jul-22,7896,234
Kaine Padly,UK,Manuka Honey Choco,14-Jan-22,7896,118
Van Tuxwell,Canada,Manuka Honey Choco,24-Feb-22,7896,46
Wilone O'Kielt,New Zealand,Almond Choco,15-Mar-22,7896,144
Oby Sorrel,New Zealand,Baker's Choco Chips,25-Apr-22,7896,47
Dennison Crosswaite,Australia,Organic Choco Syrup,10-May-22,7896,41
Marney O'Breen,Australia,Spicy Special Slims,23-Jun-22,7896,275
Beverie Moffet,Canada,Smooth Sliky Salty,28-Feb-22,7896,370
Brien Boise,USA,Organic Choco Syrup,25-May-22,7896,138
Roddy Speechley,New Zealand,Baker's Choco Chips,22-Feb-22,7896,215
Van Tuxwell,UK,85% Dark Bars,11-Jul-22,7896,134
Marney O'Breen,Canada,Spicy Special Slims,03-Jan-22,7896,336
Rafaelita Blaksland,New Zealand,70% Dark Bites,24-Aug-22,7896,280
Beverie Moffet,USA,50% Dark Bites,28-Jul-22,7896,352
Brien Boise,USA,Mint Chip Choco,25-May-22,7896,150
Karlen McCaffrey,New Zealand,Eclairs,06-May-22,7896,177
Barr Faughny,India,Drinking Coco,28-Jan-22,7896,142
Marney O'Breen,UK,Orange Choco,06-Jun-22,7896,12
Brien Boise,New Zealand,Baker's Choco Chips,12-Jul-22,7896,24
Ches Bonnell,Canada,Spicy Special Slims,05-Aug-22,7896,183
Brien Boise,USA,Orange Choco,28-Jan-22,7896,147
Kaine Padly,India,Spicy Special Slims,31-Aug-22,7896,137
Mallorie Waber,USA,50% Dark Bites,19-Apr-22,7896,13
Mallorie Waber,UK,Mint Chip Choco,29-Jun-22,7896,2
Beverie Moffet,India,Choco Coated Almonds,24-Feb-22,7896,261
Madelene Upcott,UK,Smooth Sliky Salty,04-Mar-22,7896,84
Gigi Bohling,India,Eclairs,21-Jun-22,7896,68
Rafaelita Blaksland,Australia,Organic Choco Syrup,26-Jan-22,7896,105
Oby Sorrel,New Zealand,White Choc,10-Jun-22,7896,40
Andria Kimpton,UK,Drinking Coco,23-May-22,7896,65
Kelci Walkden,India,Milk Bars,15-Apr-22,7896,107
Karlen McCaffrey,New Zealand,Caramel Stuffed Bars,31-Jan-22,7896,227
Andria Kimpton,New Zealand,Organic Choco Syrup,04-Mar-22,7896,39
Barr Faughny,New Zealand,After Nines,19-Apr-22,7896,84
Beverie Moffet,UK,Almond Choco,16-May-22,7896,100
Oby Sorrel,Australia,Raspberry Choco,17-Feb-22,7896,120
Dennison Crosswaite,USA,Raspberry Choco,18-Jan-22,7896,257
Roddy Speechley,Canada,Orange Choco,09-Feb-22,7896,85
Mallorie Waber,Canada,Orange Choco,23-Mar-22,7896,178
Madelene Upcott,New Zealand,Caramel Stuffed Bars,01-Feb-22,7896,151
Mallorie Waber,India,Drinking Coco,07-Mar-22,7896,142
Ches Bonnell,UK,White Choc,03-Jan-22,7896,226
Ches Bonnell,USA,White Choc,11-Feb-22,7896,341
Dennison Crosswaite,New Zealand,Orange Choco,16-Mar-22,7896,140
Dotty Strutley,India,White Choc,15-Aug-22,7896,330
Gigi Bohling,India,Manuka Honey Choco,12-May-22,7896,73
Van Tuxwell,India,Spicy Special Slims,11-Apr-22,7896,4
Jan Morforth,New Zealand,Mint Chip Choco,30-Jun-22,7896,285
Dotty Strutley,New Zealand,White Choc,15-Jun-22,7896,60
Rafaelita Blaksland,Canada,Caramel Stuffed Bars,01-Aug-22,7896,101
Kaine Padly,USA,Milk Bars,15-Jun-22,7896,58
Brien Boise,India,After Nines,16-Jun-22,7896,45
Oby Sorrel,New Zealand,Raspberry Choco,13-May-22,7896,281
Dennison Crosswaite,USA,Drinking Coco,10-May-22,7896,138
Oby Sorrel,India,Eclairs,25-Aug-22,7896,322
Ches Bonnell,New Zealand,Organic Choco Syrup,15-Jul-22,7896,85
Gigi Bohling,UK,Baker's Choco Chips,16-May-22,7896,409
Jan Morforth,Australia,50% Dark Bites,14-Jun-22,7896,182
Beverie Moffet,Australia,Smooth Sliky Salty,25-Jan-22,7896,467
Ches Bonnell,USA,Organic Choco Syrup,28-Jul-22,7896,14
Brien Boise,Canada,Mint Chip Choco,28-Jan-22,7896,178
Kaine Padly,UK,Orange Choco,29-Jun-22,7896,191
Karlen McCaffrey,Australia,70% Dark Bites,24-Jun-22,7896,317
Gunar Cockshoot,Canada,Mint Chip Choco,01-Jul-22,7896,410
Roddy Speechley,USA,Peanut Butter Cubes,25-Feb-22,7896,137
Curtice Advani,Canada,Smooth Sliky Salty,01-Aug-22,7896,12
Oby Sorrel,Australia,Milk Bars,21-Jun-22,7896,254
Camilla Castle,New Zealand,Spicy Special Slims,25-Jan-22,7896,24
Gigi Bohling,UK,Milk Bars,17-May-22,7896,232
Andria Kimpton,Australia,85% Dark Bars,23-Aug-22,7896,233
Camilla Castle,Australia,Smooth Sliky Salty,03-Mar-22,7896,118
Roddy Speechley,India,Caramel Stuffed Bars,30-May-22,7896,543
Karlen McCaffrey,USA,Drinking Coco,29-Jun-22,7896,223
Andria Kimpton,Canada,Organic Choco Syrup,04-Jan-22,7896,204
Jehu Rudeforth,Australia,Drinking Coco,14-Jan-22,7896,65
Karlen McCaffrey,USA,Mint Chip Choco,15-Feb-22,7896,53
Curtice Advani,New Zealand,Spicy Special Slims,10-Jan-22,7896,469
Madelene Upcott,USA,White Choc,04-May-22,7896,213
Andria Kimpton,USA,Spicy Special Slims,23-May-22,7896,5
Barr Faughny,New Zealand,Fruit & Nut Bars,26-Apr-22,7896,147
Oby Sorrel,Canada,Organic Choco Syrup,05-Jul-22,7896,74
Madelene Upcott,UK,Organic Choco Syrup,21-Jul-22,7896,163
Dotty Strutley,USA,Mint Chip Choco,21-Feb-22,7896,248
Kelci Walkden,USA,Orange Choco,03-Feb-22,7896,138
Gigi Bohling,Australia,Caramel Stuffed Bars,08-Jul-22,7896,151
Mallorie Waber,India,50% Dark Bites,31-May-22,7896,139
Van Tuxwell,New Zealand,Mint Chip Choco,27-Jun-22,7896,103
Van Tuxwell,India,50% Dark Bites,13-May-22,7896,129
Van Tuxwell,USA,Manuka Honey Choco,31-May-22,7896,102
Wilone O'Kielt,USA,Orange Choco,28-Feb-22,7896,37
Barr Faughny,New Zealand,Eclairs,28-Mar-22,7896,31
Gigi Bohling,USA,After Nines,14-Jan-22,7896,227
Barr Faughny,New Zealand,Mint Chip Choco,21-Feb-22,7896,145
Dennison Crosswaite,Canada,85% Dark Bars,01-Aug-22,7896,90
Beverie Moffet,New Zealand,Smooth Sliky Salty,19-May-22,7896,59
Husein Augar,USA,White Choc,13-Jul-22,7896,60
Andria Kimpton,Australia,Peanut Butter Cubes,20-Apr-22,7896,148
Dennison Crosswaite,India,85% Dark Bars,30-Jun-22,7896,22
Curtice Advani,UK,50% Dark Bites,08-Mar-22,7896,142
Gunar Cockshoot,USA,Fruit & Nut Bars,09-Mar-22,7896,93
Oby Sorrel,Canada,Raspberry Choco,16-Jun-22,7896,208
Gigi Bohling,UK,Drinking Coco,30-Jun-22,7896,42
Kelci Walkden,India,Mint Chip Choco,28-Jul-22,7896,120
Karlen McCaffrey,Canada,Peanut Butter Cubes,12-Aug-22,7896,159
Barr Faughny,UK,Mint Chip Choco,07-Jul-22,7896,316
Barr Faughny,USA,85% Dark Bars,25-Aug-22,7896,47
Husein Augar,Canada,Eclairs,17-Jan-22,7896,233
Jan Morforth,Australia,70% Dark Bites,04-Mar-22,7896,384
Marney O'Breen,New Zealand,Fruit & Nut Bars,25-Aug-22,7896,4
Ches Bonnell,UK,Peanut Butter Cubes,15-Apr-22,7896,260
Kaine Padly,USA,Organic Choco Syrup,11-Mar-22,7896,22
Camilla Castle,USA,Raspberry Choco,20-May-22,7896,18
Brien Boise,New Zealand,Manuka Honey Choco,14-Jun-22,7896,42
Jehu Rudeforth,New Zealand,After Nines,14-Apr-22,7896,73
Jehu Rudeforth,USA,Smooth Sliky Salty,07-Jul-22,7896,154
Madelene Upcott,India,Mint Chip Choco,24-Aug-22,7896,71
Jehu Rudeforth,India,Eclairs,24-Feb-22,7896,127
Karlen McCaffrey,Canada,Raspberry Choco,09-May-22,7896,224
Kaine Padly,Australia,70% Dark Bites,08-Feb-22,7896,223
Roddy Speechley,UK,70% Dark Bites,24-Mar-22,7896,284
Rafaelita Blaksland,USA,Drinking Coco,20-Jun-22,7896,73
Mallorie Waber,Canada,Manuka Honey Choco,07-Mar-22,7896,112
Kaine Padly,Australia,Fruit & Nut Bars,20-Jun-22,7896,85
Oby Sorrel,New Zealand,Organic Choco Syrup,17-Feb-22,7896,270
Madelene Upcott,UK,99% Dark & Pure,26-Jan-22,7896,45
Madelene Upcott,Australia,Mint Chip Choco,02-May-22,7896,153
Curtice Advani,Canada,99% Dark & Pure,07-Jul-22,7896,7
Rafaelita Blaksland,Australia,Baker's Choco Chips,22-Aug-22,7896,51
Karlen McCaffrey,Australia,After Nines,11-Aug-22,7896,67
Marney O'Breen,UK,99% Dark & Pure,13-Jan-22,7896,194
Gunar Cockshoot,Australia,50% Dark Bites,02-Mar-22,7896,116
Marney O'Breen,Australia,Choco Coated Almonds,27-Jul-22,7896,41
Kelci Walkden,New Zealand,Drinking Coco,10-Mar-22,7896,111
Beverie Moffet,USA,85% Dark Bars,23-Aug-22,7896,334
Roddy Speechley,USA,Eclairs,25-Apr-22,7896,155
Dennison Crosswaite,UK,Milk Bars,07-Mar-22,7896,407
Wilone O'Kielt,UK,Organic Choco Syrup,12-Jul-22,7896,52
Madelene Upcott,USA,Orange Choco,16-May-22,7896,138
Gunar Cockshoot,India,Smooth Sliky Salty,02-Mar-22,7896,70
Marney O'Breen,New Zealand,85% Dark Bars,30-May-22,7896,149
Marney O'Breen,UK,Manuka Honey Choco,10-Jun-22,7896,179
Brien Boise,USA,99% Dark & Pure,25-Jul-22,7896,353
Beverie Moffet,New Zealand,Mint Chip Choco,09-Jun-22,7896,97
Dennison Crosswaite,USA,Milk Bars,12-May-22,7896,60
Gunar Cockshoot,USA,Drinking Coco,09-May-22,7896,5
Brien Boise,Canada,Manuka Honey Choco,09-Aug-22,7896,182
Van Tuxwell,India,Choco Coated Almonds,13-Apr-22,7896,114
Andria Kimpton,USA,Caramel Stuffed Bars,02-May-22,7896,46
Dotty Strutley,USA,99% Dark & Pure,09-Aug-22,7896,320
Camilla Castle,Australia,Raspberry Choco,23-Aug-22,7896,178
Gunar Cockshoot,India,Spicy Special Slims,13-May-22,7896,170
Karlen McCaffrey,USA,Manuka Honey Choco,01-Feb-22,7896,67
Camilla Castle,USA,50% Dark Bites,23-Jun-22,7896,301
Madelene Upcott,UK,Choco Coated Almonds,24-May-22,7896,134
Jan Morforth,Canada,Mint Chip Choco,01-Apr-22,7896,211
Camilla Castle,Canada,70% Dark Bites,27-Jul-22,7896,151
Ches Bonnell,India,Peanut Butter Cubes,27-Jan-22,7896,208
Jan Morforth,India,Choco Coated Almonds,12-Aug-22,7896,134
Gigi Bohling,Canada,Almond Choco,01-Feb-22,7896,49
Rafaelita Blaksland,India,After Nines,02-Mar-22,7896,204
Kelci Walkden,Australia,99% Dark & Pure,30-Jun-22,7896,34
Dotty Strutley,Australia,Spicy Special Slims,17-Jan-22,7896,91
Brien Boise,USA,Milk Bars,07-Jul-22,7896,130
Mallorie Waber,New Zealand,Mint Chip Choco,31-Jan-22,7896,107
Beverie Moffet,UK,99% Dark & Pure,10-Aug-22,7896,121
Beverie Moffet,USA,Peanut Butter Cubes,18-Aug-22,7896,339
Brien Boise,New Zealand,White Choc,15-Jun-22,7896,321
Marney O'Breen,USA,Baker's Choco Chips,26-Jan-22,7896,9
Kelci Walkden,USA,Spicy Special Slims,29-Apr-22,7896,69
Mallorie Waber,Canada,White Choc,03-Mar-22,7896,72
Kaine Padly,Australia,Almond Choco,22-Feb-22,7896,392
Oby Sorrel,USA,Smooth Sliky Salty,04-Mar-22,7896,158
Dennison Crosswaite,India,Smooth Sliky Salty,07-Jul-22,7896,9
Camilla Castle,New Zealand,Caramel Stuffed Bars,17-Jun-22,7896,347
Jan Morforth,Canada,Caramel Stuffed Bars,02-Aug-22,7896,114
Oby Sorrel,USA,Baker's Choco Chips,12-Aug-22,7896,120
Madelene Upcott,New Zealand,Peanut Butter Cubes,28-Jan-22,7896,333
Kelci Walkden,Australia,Orange Choco,29-Apr-22,7896,432
Marney O'Breen,Australia,Manuka Honey Choco,05-Apr-22,7896,236
Kaine Padly,Canada,Manuka Honey Choco,18-Jan-22,7896,135
Jehu Rudeforth,UK,Baker's Choco Chips,16-May-22,7896,97
Kelci Walkden,Australia,White Choc,24-Aug-22,7896,168
Curtice Advani,India,85% Dark Bars,18-Jan-22,7896,402
Kaine Padly,USA,Eclairs,22-Aug-22,7896,10
Gunar Cockshoot,UK,99% Dark & Pure,07-Mar-22,7896,84
Beverie Moffet,UK,Choco Coated Almonds,04-Mar-22,7896,69
Dotty Strutley,Canada,Manuka Honey Choco,22-Apr-22,7896,111
Kaine Padly,Australia,Milk Bars,09-Jun-22,7896,89
Jan Morforth,Canada,Fruit & Nut Bars,25-Jul-22,7896,199
Jan Morforth,India,Smooth Sliky Salty,03-Aug-22,7896,89
Rafaelita Blaksland,Australia,Manuka Honey Choco,03-Aug-22,7896,131
Jehu Rudeforth,UK,Milk Bars,03-May-22,7896,227
Husein Augar,Canada,After Nines,19-Jan-22,7896,301
Roddy Speechley,USA,50% Dark Bites,11-Feb-22,7896,316
Van Tuxwell,India,Almond Choco,14-Jun-22,7896,390
Kelci Walkden,USA,50% Dark Bites,23-Mar-22,7896,223
Madelene Upcott,Canada,85% Dark Bars,17-Feb-22,7896,101
Dennison Crosswaite,Canada,Smooth Sliky Salty,17-Mar-22,7896,479
Mallorie Waber,Australia,Spicy Special Slims,29-Jun-22,7896,287
Ches Bonnell,Canada,Choco Coated Almonds,24-Aug-22,7896,269
Gigi Bohling,Canada,Spicy Special Slims,04-Jul-22,7896,277
Roddy Speechley,New Zealand,Almond Choco,28-Mar-22,7896,67
Curtice Advani,India,Smooth Sliky Salty,19-Apr-22,7896,135
Ches Bonnell,New Zealand,Mint Chip Choco,18-Jan-22,7896,229
Van Tuxwell,New Zealand,Fruit & Nut Bars,17-Jan-22,7896,88
Andria Kimpton,New Zealand,Mint Chip Choco,15-Feb-22,7896,211
Andria Kimpton,UK,Milk Bars,11-Feb-22,7896,293
Camilla Castle,USA,Manuka Honey Choco,21-Mar-22,7896,179
Gunar Cockshoot,New Zealand,Almond Choco,05-Jan-22,7896,129
Brien Boise,India,Raspberry Choco,30-May-22,7896,164
Jehu Rudeforth,USA,99% Dark & Pure,04-Jan-22,7896,219
Beverie Moffet,Australia,Fruit & Nut Bars,22-Apr-22,7896,258
Gigi Bohling,Canada,Milk Bars,10-Feb-22,7896,116
Dotty Strutley,India,Spicy Special Slims,12-Aug-22,7896,204
Gunar Cockshoot,USA,Organic Choco Syrup,10-Aug-22,7896,321
Kelci Walkden,Australia,Raspberry Choco,07-Jun-22,7896,56
Jehu Rudeforth,India,Baker's Choco Chips,06-Jun-22,7896,74
Karlen McCaffrey,New Zealand,Baker's Choco Chips,05-Apr-22,7896,189
Wilone O'Kielt,USA,50% Dark Bites,18-Apr-22,7896,131
Andria Kimpton,India,50% Dark Bites,31-Jan-22,7896,15
Madelene Upcott,USA,Baker's Choco Chips,22-Aug-22,7896,140
Jehu Rudeforth,Australia,99% Dark & Pure,25-Feb-22,7896,198
Jan Morforth,Australia,Mint Chip Choco,22-Feb-22,7896,103
Oby Sorrel,New Zealand,Milk Bars,12-Jan-22,7896,187
Brien Boise,UK,Almond Choco,25-May-22,7896,125
Kelci Walkden,India,Smooth Sliky Salty,01-Feb-22,7896,8
Rafaelita Blaksland,UK,Eclairs,27-Apr-22,7896,70
Gigi Bohling,USA,Smooth Sliky Salty,22-Jul-22,7896,126
Curtice Advani,New Zealand,Mint Chip Choco,26-Jan-22,7896,265
Curtice Advani,USA,Mint Chip Choco,24-Aug-22,7896,296
Madelene Upcott,New Zealand,Fruit & Nut Bars,18-Jan-22,7896,21
Karlen McCaffrey,India,85% Dark Bars,30-Mar-22,7896,83
Ches Bonnell,Australia,Caramel Stuffed Bars,17-Jan-22,7896,162
Kelci Walkden,USA,Fruit & Nut Bars,17-Feb-22,7896,145
Kelci Walkden,Canada,Peanut Butter Cubes,08-Apr-22,7896,44
Gigi Bohling,Canada,Drinking Coco,06-Jul-22,7896,82
Husein Augar,India,Fruit & Nut Bars,04-Apr-22,7896,226
Jan Morforth,New Zealand,Organic Choco Syrup,02-Mar-22,7896,207
Gigi Bohling,New Zealand,Raspberry Choco,09-Aug-22,7896,176
Dennison Crosswaite,Australia,Milk Bars,09-Jun-22,7896,286
Ches Bonnell,UK,Caramel Stuffed Bars,02-Jun-22,7896,300
Van Tuxwell,USA,Fruit & Nut Bars,05-Jul-22,7896,235
Andria Kimpton,Canada,Eclairs,11-Aug-22,7896,125
Madelene Upcott,India,Choco Coated Almonds,11-Feb-22,7896,145
Kelci Walkden,New Zealand,Spicy Special Slims,11-Aug-22,7896,65
Roddy Speechley,Australia,Drinking Coco,12-May-22,7896,102
Wilone O'Kielt,USA,Milk Bars,15-Jul-22,7896,93
Andria Kimpton,India,Organic Choco Syrup,18-Jan-22,7896,134
Madelene Upcott,UK,Fruit & Nut Bars,05-Jan-22,7896,189
Curtice Advani,Australia,50% Dark Bites,29-Jun-22,7896,232
Brien Boise,Canada,Raspberry Choco,14-Jun-22,7896,45
Gunar Cockshoot,India,Mint Chip Choco,08-Aug-22,7896,67
Dennison Crosswaite,India,Mint Chip Choco,23-Mar-22,7896,138
Barr Faughny,India,Caramel Stuffed Bars,04-Jan-22,7896,99
Brien Boise,India,Milk Bars,22-Feb-22,7896,251
Beverie Moffet,UK,Spicy Special Slims,17-Feb-22,7896,252
Barr Faughny,USA,Almond Choco,03-Feb-22,7896,78
Van Tuxwell,Canada,Raspberry Choco,17-Mar-22,7896,130
Wilone O'Kielt,Australia,Baker's Choco Chips,25-Jan-22,7896,154
Brien Boise,Australia,Milk Bars,27-Jul-22,7896,52
Husein Augar,Australia,Fruit & Nut Bars,28-Jan-22,7896,53
Madelene Upcott,Australia,Organic Choco Syrup,05-Jul-22,7896,50
Van Tuxwell,India,White Choc,15-Mar-22,7896,44
Gunar Cockshoot,Canada,After Nines,04-Aug-22,7896,200
Jan Morforth,USA,Fruit & Nut Bars,27-Jun-22,7896,361
Jan Morforth,Canada,After Nines,13-Jul-22,7896,172
Barr Faughny,New Zealand,Manuka Honey Choco,24-Feb-22,7896,239
Karlen McCaffrey,New Zealand,85% Dark Bars,28-Jun-22,7896,55
Oby Sorrel,Australia,85% Dark Bars,30-Jun-22,7896,27
Curtice Advani,Canada,Choco Coated Almonds,18-Aug-22,7896,7
Kaine Padly,India,70% Dark Bites,24-Jan-22,7896,301
Beverie Moffet,USA,White Choc,11-Mar-22,7896,134
Ches Bonnell,New Zealand,After Nines,23-Jun-22,7896,350
Husein Augar,India,Spicy Special Slims,22-Aug-22,7896,33
Gunar Cockshoot,Canada,50% Dark Bites,04-Jan-22,7896,23
Curtice Advani,India,Milk Bars,05-Apr-22,7896,201
Beverie Moffet,India,Milk Bars,15-Apr-22,7896,323
Husein Augar,Australia,White Choc,11-May-22,7896,220
Andria Kimpton,Canada,Manuka Honey Choco,21-Jul-22,7896,488
Jan Morforth,New Zealand,Orange Choco,11-Feb-22,7896,84
Andria Kimpton,Canada,Smooth Sliky Salty,08-Jul-22,7896,79
Gunar Cockshoot,UK,Raspberry Choco,11-Aug-22,7896,344
Husein Augar,New Zealand,After Nines,04-Aug-22,7896,7
Andria Kimpton,New Zealand,Orange Choco,14-Jun-22,7896,88
Dennison Crosswaite,UK,Baker's Choco Chips,17-Jan-22,7896,275
Jehu Rudeforth,Canada,Orange Choco,23-Jun-22,7896,512
Jehu Rudeforth,UK,Smooth Sliky Salty,24-Aug-22,7896,113
Andria Kimpton,UK,Caramel Stuffed Bars,07-Jun-22,7896,275
Jan Morforth,UK,White Choc,22-Jun-22,7896,47
Dotty Strutley,USA,Fruit & Nut Bars,13-Jul-22,7896,276
Kelci Walkden,UK,Choco Coated Almonds,24-May-22,7896,212
Gunar Cockshoot,New Zealand,After Nines,09-Aug-22,7896,145
Kaine Padly,Canada,85% Dark Bars,06-Apr-22,7896,31
Jan Morforth,New Zealand,Manuka Honey Choco,28-Jul-22,7896,271
Gunar Cockshoot,New Zealand,Raspberry Choco,24-Aug-22,7896,52
Van Tuxwell,Australia,99% Dark & Pure,17-Jan-22,7896,128
Curtice Advani,USA,Drinking Coco,07-Feb-22,7896,142
Brien Boise,Australia,Spicy Special Slims,09-May-22,7896,256
Mallorie Waber,New Zealand,85% Dark Bars,06-Jun-22,7896,106
Wilone O'Kielt,USA,Choco Coated Almonds,06-Jun-22,7896,6
Beverie Moffet,New Zealand,Organic Choco Syrup,24-May-22,7896,226
Gunar Cockshoot,UK,50% Dark Bites,13-Jan-22,7896,121
Marney O'Breen,USA,Raspberry Choco,23-May-22,7896,151
Jehu Rudeforth,UK,White Choc,29-Jun-22,7896,284
Jehu Rudeforth,New Zealand,85% Dark Bars,11-Mar-22,7896,89
Dotty Strutley,USA,85% Dark Bars,25-Apr-22,7896,508
Rafaelita Blaksland,Australia,Smooth Sliky Salty,30-May-22,7896,243
Curtice Advani,India,Manuka Honey Choco,23-May-22,7896,170
Mallorie Waber,USA,Peanut Butter Cubes,23-May-22,7896,18
Van Tuxwell,Canada,Peanut Butter Cubes,24-Jun-22,7896,282
Kelci Walkden,New Zealand,Smooth Sliky Salty,11-Mar-22,7896,277
Rafaelita Blaksland,USA,Smooth Sliky Salty,27-Jul-22,7896,212
Rafaelita Blaksland,USA,White Choc,16-Aug-22,7896,126
Roddy Speechley,Canada,Smooth Sliky Salty,07-Mar-22,7896,11
Curtice Advani,New Zealand,After Nines,05-Apr-22,7896,30
Camilla Castle,India,85% Dark Bars,04-May-22,7896,51
Ches Bonnell,USA,Choco Coated Almonds,04-Jan-22,7896,92
Marney O'Breen,Australia,Baker's Choco Chips,13-Jan-22,7896,101
Wilone O'Kielt,New Zealand,Fruit & Nut Bars,11-Jul-22,7896,98
Kaine Padly,Australia,Mint Chip Choco,17-May-22,7896,159
Camilla Castle,New Zealand,Peanut Butter Cubes,21-Jul-22,7896,62
Curtice Advani,Canada,Organic Choco Syrup,22-Feb-22,7896,22
Jan Morforth,India,99% Dark & Pure,23-May-22,7896,187
Rafaelita Blaksland,Canada,Drinking Coco,12-Jul-22,7896,200
Jan Morforth,UK,Orange Choco,15-Jun-22,7896,201
Barr Faughny,New Zealand,50% Dark Bites,23-Jun-22,7896,308
Curtice Advani,Australia,Eclairs,25-Mar-22,7896,55
Jan Morforth,India,Caramel Stuffed Bars,04-Jul-22,7896,153
Andria Kimpton,UK,White Choc,12-May-22,7896,101
Camilla Castle,New Zealand,Raspberry Choco,04-Apr-22,7896,137
Madelene Upcott,Australia,Orange Choco,15-Apr-22,7896,398
Roddy Speechley,Canada,Eclairs,08-Mar-22,7896,88
Karlen McCaffrey,India,White Choc,17-Jan-22,7896,232
Wilone O'Kielt,India,Mint Chip Choco,22-Aug-22,7896,51
Andria Kimpton,UK,99% Dark & Pure,25-Jul-22,7896,66
Marney O'Breen,UK,50% Dark Bites,14-Jun-22,7896,124
Ches Bonnell,India,Choco Coated Almonds,05-Apr-22,7896,78
Madelene Upcott,UK,Raspberry Choco,26-Aug-22,7896,341
Wilone O'Kielt,Australia,50% Dark Bites,03-Aug-22,7896,114
Gigi Bohling,Canada,White Choc,11-Jul-22,7896,4
Wilone O'Kielt,New Zealand,Eclairs,11-Mar-22,7896,22
Brien Boise,UK,Peanut Butter Cubes,10-Jan-22,7896,30
Roddy Speechley,UK,Baker's Choco Chips,04-Apr-22,7896,351
Karlen McCaffrey,Australia,50% Dark Bites,17-Jan-22,7896,708
Marney O'Breen,New Zealand,Organic Choco Syrup,08-Jul-22,7896,50
Jan Morforth,UK,Organic Choco Syrup,12-Apr-22,7896,356
Rafaelita Blaksland,Canada,Fruit & Nut Bars,24-Aug-22,7896,185
Ches Bonnell,UK,Choco Coated Almonds,07-Jun-22,7896,236
Gunar Cockshoot,Canada,Almond Choco,28-Jul-22,7896,30
Husein Augar,USA,99% Dark & Pure,21-Feb-22,7896,111
Dennison Crosswaite,Canada,Mint Chip Choco,08-Apr-22,7896,289
Brien Boise,UK,Manuka Honey Choco,28-Jun-22,7896,103
Van Tuxwell,UK,Baker's Choco Chips,24-Mar-22,7896,20
Barr Faughny,Australia,Caramel Stuffed Bars,29-Jul-22,7896,55
Dennison Crosswaite,USA,Eclairs,25-May-22,7896,90
Gigi Bohling,Australia,Raspberry Choco,30-Mar-22,7896,303
Dennison Crosswaite,USA,Organic Choco Syrup,18-Jul-22,7896,126
Beverie Moffet,Canada,Orange Choco,10-May-22,7896,109
Mallorie Waber,Australia,Choco Coated Almonds,18-Mar-22,7896,92
Ches Bonnell,India,Caramel Stuffed Bars,15-Jun-22,7896,56
Van Tuxwell,Canada,50% Dark Bites,12-May-22,7896,58
Kelci Walkden,New Zealand,Baker's Choco Chips,23-Jun-22,7896,110
Beverie Moffet,India,Spicy Special Slims,21-Apr-22,7896,171
Gigi Bohling,Australia,Almond Choco,17-Aug-22,7896,117
Rafaelita Blaksland,New Zealand,Eclairs,07-Feb-22,7896,51
Kelci Walkden,Canada,Smooth Sliky Salty,17-Mar-22,7896,118
Jan Morforth,India,Baker's Choco Chips,01-Aug-22,7896,79
Jehu Rudeforth,Australia,Milk Bars,18-Mar-22,7896,29
Gigi Bohling,Canada,Fruit & Nut Bars,14-Jun-22,7896,103
Beverie Moffet,UK,Eclairs,22-Apr-22,7896,155
Marney O'Breen,New Zealand,Eclairs,18-Jan-22,7896,31
Husein Augar,Australia,99% Dark & Pure,26-Aug-22,7896,128
Gunar Cockshoot,New Zealand,Fruit & Nut Bars,10-Jun-22,7896,419
Curtice Advani,Canada,70% Dark Bites,31-Jan-22,7896,7
Kelci Walkden,New Zealand,Manuka Honey Choco,08-Apr-22,7896,106
Dotty Strutley,Australia,Baker's Choco Chips,07-Jun-22,7896,68
Barr Faughny,Australia,85% Dark Bars,10-Feb-22,7896,44
Beverie Moffet,Australia,50% Dark Bites,16-May-22,7896,457
Gunar Cockshoot,India,Baker's Choco Chips,18-Mar-22,7896,524
Van Tuxwell,Australia,50% Dark Bites,13-Jul-22,7896,137
Oby Sorrel,USA,Manuka Honey Choco,25-Jul-22,7896,86
Van Tuxwell,Canada,Choco Coated Almonds,19-Aug-22,7896,296
Karlen McCaffrey,Canada,70% Dark Bites,24-Jun-22,7896,597
Kelci Walkden,Canada,Fruit & Nut Bars,20-Jun-22,7896,149
Camilla Castle,India,99% Dark & Pure,02-Aug-22,7896,207
Madelene Upcott,New Zealand,70% Dark Bites,22-Feb-22,7896,93
Mallorie Waber,New Zealand,Orange Choco,01-Feb-22,7896,23
Jan Morforth,Canada,70% Dark Bites,14-Feb-22,7896,305
Kelci Walkden,Australia,Milk Bars,24-Feb-22,7896,125
Dennison Crosswaite,India,Orange Choco,18-Mar-22,7896,129
Husein Augar,UK,Eclairs,30-Aug-22,7896,252
Gigi Bohling,USA,Peanut Butter Cubes,09-May-22,7896,75
Wilone O'Kielt,USA,Smooth Sliky Salty,18-Jan-22,7896,87
Curtice Advani,India,White Choc,04-Jul-22,7896,342
Oby Sorrel,New Zealand,Spicy Special Slims,03-Jun-22,7896,13
Beverie Moffet,New Zealand,Peanut Butter Cubes,23-Feb-22,7896,30
Dotty Strutley,New Zealand,99% Dark & Pure,09-May-22,7896,203
Kelci Walkden,India,70% Dark Bites,06-Jun-22,7896,106
Kelci Walkden,India,Drinking Coco,04-Jul-22,7896,234
Brien Boise,New Zealand,Drinking Coco,06-Jun-22,7896,100
Dotty Strutley,Australia,Almond Choco,13-May-22,7896,91
Wilone O'Kielt,New Zealand,Organic Choco Syrup,31-Jan-22,7896,277
Ches Bonnell,New Zealand,Caramel Stuffed Bars,30-Jun-22,7896,42
Barr Faughny,Canada,Manuka Honey Choco,25-Aug-22,7896,249
Gigi Bohling,New Zealand,Smooth Sliky Salty,10-Jan-22,7896,97
Brien Boise,USA,Manuka Honey Choco,22-Aug-22,7896,8
Roddy Speechley,New Zealand,85% Dark Bars,14-Apr-22,7896,275
Oby Sorrel,UK,Smooth Sliky Salty,31-May-22,7896,313
Oby Sorrel,UK,Raspberry Choco,08-Apr-22,7896,323
Roddy Speechley,USA,Drinking Coco,21-Feb-22,7896,155
Andria Kimpton,Australia,Manuka Honey Choco,30-Mar-22,7896,377
Mallorie Waber,India,Raspberry Choco,02-Mar-22,7896,2
Jehu Rudeforth,USA,Orange Choco,28-Jul-22,7896,170
Kaine Padly,New Zealand,70% Dark Bites,24-Mar-22,7896,38
Curtice Advani,Australia,After Nines,11-Aug-22,7896,105
Husein Augar,UK,Almond Choco,17-May-22,7896,166
Kaine Padly,Canada,Choco Coated Almonds,18-May-22,7896,164
Roddy Speechley,UK,Peanut Butter Cubes,17-Aug-22,7896,171
Ches Bonnell,New Zealand,Eclairs,04-Apr-22,7896,49
Brien Boise,India,85% Dark Bars,09-Aug-22,7896,205
Brien Boise,New Zealand,Organic Choco Syrup,17-Jan-22,7896,313
Andria Kimpton,Canada,White Choc,14-Feb-22,7896,29
Gigi Bohling,New Zealand,Orange Choco,16-May-22,7896,307
Ches Bonnell,Canada,Smooth Sliky Salty,16-Mar-22,7896,121
Husein Augar,Canada,70% Dark Bites,31-Jan-22,7896,285
Barr Faughny,Canada,Organic Choco Syrup,10-Mar-22,7896,205
Oby Sorrel,UK,Organic Choco Syrup,30-Jun-22,7896,157
Van Tuxwell,New Zealand,Eclairs,01-Mar-22,7896,182
Mallorie Waber,UK,Drinking Coco,27-May-22,7896,100
Oby Sorrel,UK,Milk Bars,11-Jul-22,7896,223
Karlen McCaffrey,New Zealand,Mint Chip Choco,02-Mar-22,7896,61
Jehu Rudeforth,USA,Raspberry Choco,04-Mar-22,7896,133
Kelci Walkden,UK,85% Dark Bars,23-Jun-22,7896,228
Kelci Walkden,USA,Almond Choco,27-Jan-22,7896,233
Marney O'Breen,Canada,Orange Choco,14-Jan-22,7896,425
Dennison Crosswaite,India,Fruit & Nut Bars,29-Jul-22,7896,24
Brien Boise,Canada,Smooth Sliky Salty,13-May-22,7896,495
Barr Faughny,Canada,Baker's Choco Chips,03-Feb-22,7896,170
Brien Boise,India,Smooth Sliky Salty,27-May-22,7896,26
Jan Morforth,Australia,Drinking Coco,18-Feb-22,7896,24
Brien Boise,India,Spicy Special Slims,28-Jan-22,7896,33
Van Tuxwell,UK,Eclairs,29-Jun-22,7896,109
Wilone O'Kielt,India,Caramel Stuffed Bars,13-Jan-22,7896,276
Jehu Rudeforth,UK,After Nines,27-Jun-22,7896,164
Barr Faughny,Canada,White Choc,29-Mar-22,7896,1
Gunar Cockshoot,India,Organic Choco Syrup,03-Jun-22,7896,160
Mallorie Waber,Canada,Smooth Sliky Salty,21-Mar-22,7896,98
Mallorie Waber,India,Eclairs,12-Apr-22,7896,46
Rafaelita Blaksland,Australia,Raspberry Choco,19-Jan-22,7896,259
Karlen McCaffrey,UK,50% Dark Bites,06-Apr-22,7896,310
Kaine Padly,Australia,50% Dark Bites,02-Aug-22,7896,78
Gigi Bohling,Australia,Eclairs,12-Apr-22,7896,136
Oby Sorrel,India,Drinking Coco,21-Jul-22,7896,130
Van Tuxwell,New Zealand,Baker's Choco Chips,22-Mar-22,7896,24
Husein Augar,India,Peanut Butter Cubes,09-May-22,7896,5
Andria Kimpton,Australia,Baker's Choco Chips,09-Aug-22,7896,109
Madelene Upcott,Canada,Choco Coated Almonds,20-Jul-22,7896,294
Brien Boise,India,70% Dark Bites,14-Apr-22,7896,413
Jehu Rudeforth,Canada,White Choc,25-Jan-22,7896,136
Andria Kimpton,Australia,Almond Choco,25-Apr-22,7896,175
Dotty Strutley,Canada,After Nines,17-Jan-22,7896,237
Karlen McCaffrey,USA,Eclairs,15-Aug-22,7896,125
Karlen McCaffrey,Canada,Fruit & Nut Bars,02-Jun-22,7896,16
Gunar Cockshoot,USA,85% Dark Bars,30-Jun-22,7896,135
Dotty Strutley,New Zealand,Raspberry Choco,10-Feb-22,7896,91
Marney O'Breen,Canada,Caramel Stuffed Bars,23-Feb-22,7896,614
Dennison Crosswaite,India,Organic Choco Syrup,27-Jan-22,7896,216
Camilla Castle,UK,Mint Chip Choco,26-May-22,7896,317
Brien Boise,USA,70% Dark Bites,14-Apr-22,7896,21
Madelene Upcott,Australia,99% Dark & Pure,01-Aug-22,7896,154
Mallorie Waber,Australia,Eclairs,22-Aug-22,7896,222
Marney O'Breen,India,99% Dark & Pure,22-Jul-22,7896,157
Husein Augar,USA,Fruit & Nut Bars,28-Apr-22,7896,27
Kelci Walkden,Australia,Almond Choco,30-May-22,7896,350
Ches Bonnell,USA,Milk Bars,21-Jul-22,7896,157
Jan Morforth,UK,Caramel Stuffed Bars,02-Aug-22,7896,468
Brien Boise,New Zealand,70% Dark Bites,15-Jun-22,7896,130
Oby Sorrel,India,85% Dark Bars,05-Jul-22,7896,130
Kaine Padly,New Zealand,Smooth Sliky Salty,12-Apr-22,7896,518
Gigi Bohling,Australia,70% Dark Bites,18-Aug-22,7896,105
Jan Morforth,UK,50% Dark Bites,12-Jan-22,7896,293
Gunar Cockshoot,Canada,White Choc,11-Aug-22,7896,15
Jehu Rudeforth,Australia,Spicy Special Slims,13-Jan-22,7896,384
Husein Augar,UK,Baker's Choco Chips,29-Apr-22,7896,135
Rafaelita Blaksland,New Zealand,After Nines,07-Jul-22,7896,92
Madelene Upcott,New Zealand,Mint Chip Choco,11-Mar-22,7896,4
Madelene Upcott,UK,70% Dark Bites,16-Feb-22,7896,239
Barr Faughny,Australia,Organic Choco Syrup,07-Jan-22,7896,33
Beverie Moffet,New Zealand,Drinking Coco,12-Jan-22,7896,518
Beverie Moffet,India,Eclairs,09-Jun-22,7896,147
Andria Kimpton,India,Eclairs,16-May-22,7896,84
Gigi Bohling,UK,85% Dark Bars,23-Jun-22,7896,94
Roddy Speechley,UK,Raspberry Choco,28-Jan-22,7896,194
Dotty Strutley,UK,Mint Chip Choco,14-Jul-22,7896,216
Barr Faughny,Canada,Drinking Coco,18-Apr-22,7896,247
Oby Sorrel,USA,Milk Bars,14-Jun-22,7896,79
Oby Sorrel,UK,Orange Choco,15-Apr-22,7896,237
Curtice Advani,Canada,Peanut Butter Cubes,19-May-22,7896,63
Gigi Bohling,India,White Choc,13-Apr-22,7896,172
Husein Augar,Canada,Choco Coated Almonds,15-Aug-22,7896,408
Wilone O'Kielt,India,Choco Coated Almonds,22-Aug-22,7896,233
Wilone O'Kielt,New Zealand,Baker's Choco Chips,22-Apr-22,7896,59
Kaine Padly,UK,Choco Coated Almonds,03-Aug-22,7896,123
Dennison Crosswaite,New Zealand,Organic Choco Syrup,04-Jan-22,7896,229
Kelci Walkden,Canada,After Nines,13-Jan-22,7896,198
Van Tuxwell,Australia,Baker's Choco Chips,11-May-22,7896,32
Husein Augar,New Zealand,Peanut Butter Cubes,16-Feb-22,7896,236
Kaine Padly,UK,Caramel Stuffed Bars,20-May-22,7896,67
Jehu Rudeforth,UK,Drinking Coco,03-Feb-22,7896,438
Beverie Moffet,India,Manuka Honey Choco,06-May-22,7896,167
Gunar Cockshoot,UK,Choco Coated Almonds,30-Jun-22,7896,135
Gunar Cockshoot,UK,Smooth Sliky Salty,22-Mar-22,7896,148
Camilla Castle,Canada,Orange Choco,17-Feb-22,7896,54
Jehu Rudeforth,UK,85% Dark Bars,07-Jul-22,7896,64
Oby Sorrel,UK,70% Dark Bites,16-Mar-22,7896,181
Kelci Walkden,UK,99% Dark & Pure,12-Aug-22,7896,114
Gigi Bohling,New Zealand,After Nines,21-Jan-22,7896,181
Oby Sorrel,Australia,50% Dark Bites,06-May-22,7896,151
Oby Sorrel,Canada,50% Dark Bites,24-Jun-22,7896,137
Barr Faughny,USA,White Choc,05-May-22,7896,163
Rafaelita Blaksland,New Zealand,99% Dark & Pure,25-Mar-22,7896,84
Curtice Advani,Australia,Caramel Stuffed Bars,14-Feb-22,7896,140
Curtice Advani,New Zealand,85% Dark Bars,12-May-22,7896,187
Barr Faughny,New Zealand,Smooth Sliky Salty,25-Jan-22,7896,169
Ches Bonnell,UK,85% Dark Bars,28-Jun-22,7896,12
Dennison Crosswaite,Australia,Drinking Coco,13-Jul-22,7896,194
Roddy Speechley,USA,Milk Bars,16-May-22,7896,252
Jan Morforth,India,After Nines,14-Mar-22,7896,168
Gunar Cockshoot,USA,After Nines,15-Aug-22,7896,261
Ches Bonnell,India,Orange Choco,16-Feb-22,7896,256
Mallorie Waber,UK,Manuka Honey Choco,15-Jun-22,7896,43
Barr Faughny,Australia,Raspberry Choco,27-May-22,7896,100
Wilone O'Kielt,USA,Drinking Coco,14-Jun-22,7896,98
Wilone O'Kielt,India,Eclairs,25-Feb-22,7896,76
Wilone O'Kielt,India,After Nines,04-Aug-22,7896,262
Kelci Walkden,India,99% Dark & Pure,28-Jun-22,7896,244
Gunar Cockshoot,Canada,Spicy Special Slims,05-Apr-22,7896,12
Madelene Upcott,Canada,Peanut Butter Cubes,05-Jul-22,7896,113
Kaine Padly,New Zealand,Eclairs,20-Jan-22,7896,48
Ches Bonnell,New Zealand,Drinking Coco,16-Feb-22,7896,131
Curtice Advani,UK,Drinking Coco,12-Jul-22,7896,174
Kelci Walkden,India,Raspberry Choco,16-Jun-22,7896,254
Dotty Strutley,Australia,Choco Coated Almonds,13-Apr-22,7896,284
Kaine Padly,UK,50% Dark Bites,21-Feb-22,7896,67
Roddy Speechley,Canada,Choco Coated Almonds,11-May-22,7896,249
Ches Bonnell,India,50% Dark Bites,15-Apr-22,7896,313
Oby Sorrel,Canada,Peanut Butter Cubes,07-Jun-22,7896,167
Oby Sorrel,UK,White Choc,27-Jun-22,7896,286
Barr Faughny,India,After Nines,29-Jul-22,7896,109
Wilone O'Kielt,Canada,Smooth Sliky Salty,02-Jun-22,7896,166
Rafaelita Blaksland,India,Mint Chip Choco,26-Jan-22,7896,85
Rafaelita Blaksland,Canada,99% Dark & Pure,02-Mar-22,7896,142
Van Tuxwell,Australia,70% Dark Bites,10-Jan-22,7896,104
Beverie Moffet,USA,70% Dark Bites,27-Jun-22,7896,115
Barr Faughny,Canada,Orange Choco,30-Jun-22,7896,18
Roddy Speechley,Australia,85% Dark Bars,08-Jul-22,7896,80
Oby Sorrel,India,Spicy Special Slims,08-Jun-22,7896,88
Jan Morforth,UK,Manuka Honey Choco,18-Aug-22,7896,212
Kaine Padly,Australia,After Nines,08-Apr-22,7896,306
Wilone O'Kielt,Canada,Fruit & Nut Bars,08-Aug-22,7896,181
Wilone O'Kielt,UK,Milk Bars,26-Aug-22,7896,65
Oby Sorrel,Canada,Fruit & Nut Bars,14-Jan-22,7896,158
Dennison Crosswaite,USA,Baker's Choco Chips,11-Aug-22,7896,271
Madelene Upcott,USA,Almond Choco,31-May-22,7896,24
Van Tuxwell,New Zealand,50% Dark Bites,11-Jul-22,7896,10
Karlen McCaffrey,Canada,Caramel Stuffed Bars,02-Mar-22,7896,304
Madelene Upcott,Australia,Raspberry Choco,13-Jul-22,7896,88
Rafaelita Blaksland,UK,Spicy Special Slims,03-Aug-22,7896,133
Curtice Advani,UK,Peanut Butter Cubes,01-Mar-22,7896,165
Kelci Walkden,New Zealand,White Choc,13-Apr-22,7896,150
Beverie Moffet,Canada,Fruit & Nut Bars,14-Feb-22,7896,180
Mallorie Waber,India,White Choc,26-Jul-22,7896,213
Brien Boise,UK,Drinking Coco,27-Jan-22,7896,133
Jehu Rudeforth,India,Peanut Butter Cubes,14-Apr-22,7896,446
Oby Sorrel,USA,Almond Choco,19-May-22,7896,141
Husein Augar,India,Eclairs,09-Feb-22,7896,58
Brien Boise,UK,Spicy Special Slims,25-May-22,7896,58
Oby Sorrel,Australia,Manuka Honey Choco,26-Jan-22,7896,76
Beverie Moffet,India,White Choc,04-Jul-22,7896,296
Ches Bonnell,India,Almond Choco,13-Apr-22,7896,73
Gigi Bohling,Australia,Smooth Sliky Salty,25-Jan-22,7896,119
Camilla Castle,USA,85% Dark Bars,25-Apr-22,7896,78
Camilla Castle,USA,Eclairs,10-Jun-22,7896,392
Madelene Upcott,New Zealand,White Choc,22-Aug-22,7896,51
Van Tuxwell,India,After Nines,27-Jun-22,7896,207
Husein Augar,India,Orange Choco,30-Jun-22,7896,40
Jehu Rudeforth,India,Almond Choco,30-Aug-22,7896,100
Karlen McCaffrey,Australia,Raspberry Choco,23-Aug-22,7896,57
Camilla Castle,New Zealand,99% Dark & Pure,26-Aug-22,7896,42
Gigi Bohling,Australia,Orange Choco,09-Mar-22,7896,156
Kelci Walkden,UK,Drinking Coco,20-Apr-22,7896,23
Mallorie Waber,Canada,Caramel Stuffed Bars,10-Jun-22,7896,539
Husein Augar,Australia,Organic Choco Syrup,08-Feb-22,7896,158
Brien Boise,Australia,White Choc,25-Aug-22,7896,22
Dotty Strutley,India,Peanut Butter Cubes,16-Feb-22,7896,73
Dennison Crosswaite,UK,99% Dark & Pure,30-May-22,7896,27
Gigi Bohling,New Zealand,50% Dark Bites,29-Jun-22,7896,64
Gigi Bohling,USA,Milk Bars,16-Jun-22,7896,133
Brien Boise,UK,Caramel Stuffed Bars,04-Mar-22,7896,149
Curtice Advani,New Zealand,Peanut Butter Cubes,15-Mar-22,7896,434
Curtice Advani,New Zealand,50% Dark Bites,27-Jan-22,7896,85
Beverie Moffet,Canada,Drinking Coco,05-Jul-22,7896,118
Barr Faughny,USA,Caramel Stuffed Bars,29-Mar-22,7896,299
Mallorie Waber,Canada,Almond Choco,12-May-22,7896,35
Oby Sorrel,USA,Drinking Coco,11-Mar-22,7896,44
Brien Boise,New Zealand,Eclairs,11-Jul-22,7896,299
Gunar Cockshoot,New Zealand,Choco Coated Almonds,01-Aug-22,7896,62
Gunar Cockshoot,UK,Spicy Special Slims,16-Feb-22,7896,200
Curtice Advani,USA,After Nines,13-Apr-22,7896,235
Oby Sorrel,India,Choco Coated Almonds,14-Feb-22,7896,363
Ches Bonnell,Australia,Peanut Butter Cubes,14-Mar-22,7896,68
Oby Sorrel,Australia,Spicy Special Slims,26-Apr-22,7896,26
Jehu Rudeforth,Canada,Manuka Honey Choco,05-Apr-22,7896,200
Camilla Castle,Canada,Drinking Coco,03-Mar-22,7896,264
Kaine Padly,USA,Spicy Special Slims,13-Jun-22,7896,175
Marney O'Breen,New Zealand,70% Dark Bites,14-Feb-22,7896,352
Roddy Speechley,New Zealand,99% Dark & Pure,18-Apr-22,7896,183
Oby Sorrel,New Zealand,85% Dark Bars,01-Feb-22,7896,417
Dotty Strutley,New Zealand,Orange Choco,04-Aug-22,7896,146
Andria Kimpton,New Zealand,Almond Choco,05-Apr-22,7896,158
Karlen McCaffrey,Australia,99% Dark & Pure,26-Jan-22,7896,168
Kaine Padly,UK,After Nines,21-Jan-22,7896,176
Kaine Padly,Canada,After Nines,22-Aug-22,7896,172
Kaine Padly,UK,Drinking Coco,27-Jan-22,7896,224
Rafaelita Blaksland,UK,50% Dark Bites,16-Feb-22,7896,68
Dotty Strutley,USA,Raspberry Choco,03-Jan-22,7896,46
Karlen McCaffrey,USA,White Choc,24-Aug-22,7896,2
Oby Sorrel,USA,Spicy Special Slims,07-Feb-22,7896,417
Mallorie Waber,Australia,Smooth Sliky Salty,11-Feb-22,7896,109
Kaine Padly,Canada,Organic Choco Syrup,29-Mar-22,7896,81
Marney O'Breen,USA,Peanut Butter Cubes,15-Jun-22,7896,350
Dennison Crosswaite,UK,Smooth Sliky Salty,26-Apr-22,7896,142
Brien Boise,Australia,Organic Choco Syrup,15-Jul-22,7896,264
Beverie Moffet,India,Organic Choco Syrup,23-Jun-22,7896,20
Dennison Crosswaite,Australia,Baker's Choco Chips,11-Jan-22,7896,421
Beverie Moffet,UK,50% Dark Bites,09-Feb-22,7896,271
Van Tuxwell,UK,Almond Choco,06-Jun-22,7896,204
Dotty Strutley,UK,Caramel Stuffed Bars,10-Aug-22,7896,235
Wilone O'Kielt,Australia,Smooth Sliky Salty,04-Jan-22,7896,46
Andria Kimpton,Canada,70% Dark Bites,08-Apr-22,7896,15
Barr Faughny,UK,Milk Bars,02-Mar-22,7896,430
Van Tuxwell,Canada,Drinking Coco,15-Jun-22,7896,709
Jehu Rudeforth,Australia,After Nines,14-Feb-22,7896,47
Husein Augar,UK,After Nines,05-Jul-22,7896,380
Barr Faughny,India,Mint Chip Choco,12-Jan-22,7896,465
Curtice Advani,India,Mint Chip Choco,03-Mar-22,7896,96
Jehu Rudeforth,New Zealand,Milk Bars,18-May-22,7896,188
Gunar Cockshoot,India,Caramel Stuffed Bars,28-Jul-22,7896,202
Curtice Advani,UK,Manuka Honey Choco,07-Feb-22,7896,106
Andria Kimpton,India,Orange Choco,30-May-22,7896,421
Mallorie Waber,Australia,Raspberry Choco,25-Apr-22,7896,27
Beverie Moffet,Canada,85% Dark Bars,16-Feb-22,7896,45
Kelci Walkden,Australia,Drinking Coco,04-May-22,7896,60
Van Tuxwell,Canada,70% Dark Bites,02-Jun-22,7896,77
Dennison Crosswaite,USA,Caramel Stuffed Bars,11-Jul-22,7896,464
Beverie Moffet,New Zealand,Spicy Special Slims,07-Jun-22,7896,60
Jan Morforth,UK,Almond Choco,06-Jul-22,7896,157
Husein Augar,India,Raspberry Choco,15-Jun-22,7896,154
Dotty Strutley,India,Mint Chip Choco,14-Apr-22,7896,239
Camilla Castle,India,Drinking Coco,08-Aug-22,7896,163
Marney O'Breen,UK,Drinking Coco,29-Mar-22,7896,28
Roddy Speechley,Australia,Organic Choco Syrup,04-Jul-22,7896,76
Ches Bonnell,India,99% Dark & Pure,16-Feb-22,7896,96
Rafaelita Blaksland,Canada,Spicy Special Slims,02-May-22,7896,156
Van Tuxwell,India,Eclairs,21-Jul-22,7896,106
Gunar Cockshoot,Australia,99% Dark & Pure,18-Aug-22,7896,235
Kaine Padly,USA,85% Dark Bars,22-Jun-22,7896,259
Camilla Castle,UK,Peanut Butter Cubes,19-Jul-22,7896,126
Madelene Upcott,UK,Peanut Butter Cubes,12-Aug-22,7896,85
Madelene Upcott,USA,Choco Coated Almonds,07-Jun-22,7896,132
Marney O'Breen,Canada,Peanut Butter Cubes,08-Mar-22,7896,91
Ches Bonnell,Australia,Choco Coated Almonds,08-Apr-22,7896,167
Curtice Advani,Canada,Eclairs,06-May-22,7896,203
Roddy Speechley,India,Drinking Coco,31-May-22,7896,11
Van Tuxwell,Australia,Mint Chip Choco,13-Jan-22,7896,295
Dennison Crosswaite,USA,70% Dark Bites,15-Mar-22,7896,77
Andria Kimpton,Canada,Peanut Butter Cubes,16-Feb-22,7896,319
Gigi Bohling,USA,70% Dark Bites,14-Jan-22,7896,196
Rafaelita Blaksland,Australia,White Choc,21-Mar-22,7896,102
Roddy Speechley,Canada,Drinking Coco,17-May-22,7896,312
Camilla Castle,New Zealand,85% Dark Bars,08-Aug-22,7896,55
Madelene Upcott,Canada,Milk Bars,26-Apr-22,7896,82
Madelene Upcott,Australia,70% Dark Bites,15-Apr-22,7896,260
Oby Sorrel,Canada,Eclairs,19-May-22,7896,591
Dennison Crosswaite,Canada,Drinking Coco,10-Jan-22,7896,24
Mallorie Waber,New Zealand,After Nines,04-May-22,7896,228
Roddy Speechley,Canada,White Choc,05-Apr-22,7896,268
Andria Kimpton,India,After Nines,17-Jan-22,7896,68
Roddy Speechley,India,Spicy Special Slims,22-Mar-22,7896,173
Dotty Strutley,Australia,White Choc,05-Jul-22,7896,93
Oby Sorrel,Canada,Orange Choco,27-Apr-22,7896,338
Kaine Padly,Canada,Almond Choco,12-Aug-22,7896,73
Jan Morforth,UK,Baker's Choco Chips,11-Mar-22,7896,251
Jehu Rudeforth,UK,Fruit & Nut Bars,13-May-22,7896,229
Dennison Crosswaite,USA,Smooth Sliky Salty,12-May-22,7896,91
Brien Boise,USA,Raspberry Choco,12-Jan-22,7896,194
Madelene Upcott,New Zealand,Milk Bars,29-Mar-22,7896,403
Roddy Speechley,India,50% Dark Bites,14-Mar-22,7896,12
Barr Faughny,New Zealand,99% Dark & Pure,24-May-22,7896,195
Dennison Crosswaite,Canada,Organic Choco Syrup,28-Jan-22,7896,75
Beverie Moffet,India,Almond Choco,24-May-22,7896,96
Brien Boise,Australia,Peanut Butter Cubes,19-Aug-22,7896,205
Karlen McCaffrey,Australia,Spicy Special Slims,17-May-22,7896,323
Jehu Rudeforth,USA,White Choc,07-Jun-22,7896,119
Ches Bonnell,Canada,Organic Choco Syrup,26-Jul-22,7896,217
Dotty Strutley,India,Eclairs,28-Jul-22,7896,384
Karlen McCaffrey,India,70% Dark Bites,23-May-22,7896,344
